{"format": "layers-model", "generatedBy": "keras v2.9.0", "convertedBy": "TensorFlow.js Converter v3.19.0", "modelTopology": {"keras_version": "2.9.0", "backend": "tensorflow", "model_config": {"class_name": "Sequential", "config": {"name": "sequential_7", "layers": [{"class_name": "InputLayer", "config": {"batch_input_shape": [null, 13], "dtype": "float32", "sparse": false, "ragged": false, "name": "dense_49_input"}}, {"class_name": "Dense", "config": {"name": "dense_49", "trainable": true, "batch_input_shape": [null, 13], "dtype": "float32", "units": 13, "activation": "linear", "use_bias": true, "kernel_initializer": {"class_name": "GlorotUniform", "config": {"seed": null}}, "bias_initializer": {"class_name": "Zeros", "config": {}}, "kernel_regularizer": null, "bias_regularizer": null, "activity_regularizer": null, "kernel_constraint": null, "bias_constraint": null}}, {"class_name": "Activation", "config": {"name": "activation_49", "trainable": true, "dtype": "float32", "activation": "tanh"}}, {"class_name": "Dropout", "config": {"name": "dropout_42", "trainable": true, "dtype": "float32", "rate": 0.05, "noise_shape": null, "seed": null}}, {"class_name": "Dense", "config": {"name": "dense_50", "trainable": true, "dtype": "float32", "units": 150, "activation": "linear", "use_bias": true, "kernel_initializer": {"class_name": "GlorotUniform", "config": {"seed": null}}, "bias_initializer": {"class_name": "Zeros", "config": {}}, "kernel_regularizer": null, "bias_regularizer": null, "activity_regularizer": null, "kernel_constraint": null, "bias_constraint": null}}, {"class_name": "Activation", "config": {"name": "activation_50", "trainable": true, "dtype": "float32", "activation": "tanh"}}, {"class_name": "Dropout", "config": {"name": "dropout_43", "trainable": true, "dtype": "float32", "rate": 0.05, "noise_shape": null, "seed": null}}, {"class_name": "Dense", "config": {"name": "dense_51", "trainable": true, "dtype": "float32", "units": 75, "activation": "linear", "use_bias": true, "kernel_initializer": {"class_name": "GlorotUniform", "config": {"seed": null}}, "bias_initializer": {"class_name": "Zeros", "config": {}}, "kernel_regularizer": null, "bias_regularizer": null, "activity_regularizer": null, "kernel_constraint": null, "bias_constraint": null}}, {"class_name": "Activation", "config": {"name": "activation_51", "trainable": true, "dtype": "float32", "activation": "tanh"}}, {"class_name": "Dropout", "config": {"name": "dropout_44", "trainable": true, "dtype": "float32", "rate": 0.05, "noise_shape": null, "seed": null}}, {"class_name": "Dense", "config": {"name": "dense_52", "trainable": true, "dtype": "float32", "units": 50, "activation": "linear", "use_bias": true, "kernel_initializer": {"class_name": "GlorotUniform", "config": {"seed": null}}, "bias_initializer": {"class_name": "Zeros", "config": {}}, "kernel_regularizer": null, "bias_regularizer": null, "activity_regularizer": null, "kernel_constraint": null, "bias_constraint": null}}, {"class_name": "Activation", "config": {"name": "activation_52", "trainable": true, "dtype": "float32", "activation": "tanh"}}, {"class_name": "Dropout", "config": {"name": "dropout_45", "trainable": true, "dtype": "float32", "rate": 0.05, "noise_shape": null, "seed": null}}, {"class_name": "Dense", "config": {"name": "dense_53", "trainable": true, "dtype": "float32", "units": 25, "activation": "linear", "use_bias": true, "kernel_initializer": {"class_name": "GlorotUniform", "config": {"seed": null}}, "bias_initializer": {"class_name": "Zeros", "config": {}}, "kernel_regularizer": null, "bias_regularizer": null, "activity_regularizer": null, "kernel_constraint": null, "bias_constraint": null}}, {"class_name": "Activation", "config": {"name": "activation_53", "trainable": true, "dtype": "float32", "activation": "tanh"}}, {"class_name": "Dropout", "config": {"name": "dropout_46", "trainable": true, "dtype": "float32", "rate": 0.05, "noise_shape": null, "seed": null}}, {"class_name": "Dense", "config": {"name": "dense_54", "trainable": true, "dtype": "float32", "units": 10, "activation": "linear", "use_bias": true, "kernel_initializer": {"class_name": "GlorotUniform", "config": {"seed": null}}, "bias_initializer": {"class_name": "Zeros", "config": {}}, "kernel_regularizer": null, "bias_regularizer": null, "activity_regularizer": null, "kernel_constraint": null, "bias_constraint": null}}, {"class_name": "Activation", "config": {"name": "activation_54", "trainable": true, "dtype": "float32", "activation": "tanh"}}, {"class_name": "Dropout", "config": {"name": "dropout_47", "trainable": true, "dtype": "float32", "rate": 0.05, "noise_shape": null, "seed": null}}, {"class_name": "Dense", "config": {"name": "dense_55", "trainable": true, "dtype": "float32", "units": 6, "activation": "linear", "use_bias": true, "kernel_initializer": {"class_name": "GlorotUniform", "config": {"seed": null}}, "bias_initializer": {"class_name": "Zeros", "config": {}}, "kernel_regularizer": null, "bias_regularizer": null, "activity_regularizer": null, "kernel_constraint": null, "bias_constraint": null}}, {"class_name": "Activation", "config": {"name": "activation_55", "trainable": true, "dtype": "float32", "activation": "tanh"}}]}}, "training_config": {"loss": "mse", "metrics": null, "weighted_metrics": null, "loss_weights": null, "optimizer_config": {"class_name": "RMSprop", "config": {"name": "RMSprop", "learning_rate": 0.0010000000474974513, "decay": 0.0, "rho": 0.8999999761581421, "momentum": 0.0, "epsilon": 1e-06, "centered": false}}}}, "weightsManifest": [{"paths": ["group1-shard1of1.bin"], "weights": [{"name": "dense_49/kernel", "shape": [13, 13], "dtype": "float32"}, {"name": "dense_49/bias", "shape": [13], "dtype": "float32"}, {"name": "dense_50/kernel", "shape": [13, 150], "dtype": "float32"}, {"name": "dense_50/bias", "shape": [150], "dtype": "float32"}, {"name": "dense_51/kernel", "shape": [150, 75], "dtype": "float32"}, {"name": "dense_51/bias", "shape": [75], "dtype": "float32"}, {"name": "dense_52/kernel", "shape": [75, 50], "dtype": "float32"}, {"name": "dense_52/bias", "shape": [50], "dtype": "float32"}, {"name": "dense_53/kernel", "shape": [50, 25], "dtype": "float32"}, {"name": "dense_53/bias", "shape": [25], "dtype": "float32"}, {"name": "dense_54/kernel", "shape": [25, 10], "dtype": "float32"}, {"name": "dense_54/bias", "shape": [10], "dtype": "float32"}, {"name": "dense_55/kernel", "shape": [10, 6], "dtype": "float32"}, {"name": "dense_55/bias", "shape": [6], "dtype": "float32"}]}]}