{"format": "layers-model", "generatedBy": "keras v2.9.0", "convertedBy": "TensorFlow.js Converter v3.19.0", "modelTopology": {"keras_version": "2.9.0", "backend": "tensorflow", "model_config": {"class_name": "Sequential", "config": {"name": "sequential_4", "layers": [{"class_name": "InputLayer", "config": {"batch_input_shape": [null, 7], "dtype": "float32", "sparse": false, "ragged": false, "name": "dense_28_input"}}, {"class_name": "Dense", "config": {"name": "dense_28", "trainable": true, "batch_input_shape": [null, 7], "dtype": "float32", "units": 7, "activation": "linear", "use_bias": true, "kernel_initializer": {"class_name": "GlorotUniform", "config": {"seed": null}}, "bias_initializer": {"class_name": "Zeros", "config": {}}, "kernel_regularizer": null, "bias_regularizer": null, "activity_regularizer": null, "kernel_constraint": null, "bias_constraint": null}}, {"class_name": "Activation", "config": {"name": "activation_28", "trainable": true, "dtype": "float32", "activation": "tanh"}}, {"class_name": "Dropout", "config": {"name": "dropout_24", "trainable": true, "dtype": "float32", "rate": 0.05, "noise_shape": null, "seed": null}}, {"class_name": "Dense", "config": {"name": "dense_29", "trainable": true, "dtype": "float32", "units": 150, "activation": "linear", "use_bias": true, "kernel_initializer": {"class_name": "GlorotUniform", "config": {"seed": null}}, "bias_initializer": {"class_name": "Zeros", "config": {}}, "kernel_regularizer": null, "bias_regularizer": null, "activity_regularizer": null, "kernel_constraint": null, "bias_constraint": null}}, {"class_name": "Activation", "config": {"name": "activation_29", "trainable": true, "dtype": "float32", "activation": "tanh"}}, {"class_name": "Dropout", "config": {"name": "dropout_25", "trainable": true, "dtype": "float32", "rate": 0.05, "noise_shape": null, "seed": null}}, {"class_name": "Dense", "config": {"name": "dense_30", "trainable": true, "dtype": "float32", "units": 75, "activation": "linear", "use_bias": true, "kernel_initializer": {"class_name": "GlorotUniform", "config": {"seed": null}}, "bias_initializer": {"class_name": "Zeros", "config": {}}, "kernel_regularizer": null, "bias_regularizer": null, "activity_regularizer": null, "kernel_constraint": null, "bias_constraint": null}}, {"class_name": "Activation", "config": {"name": "activation_30", "trainable": true, "dtype": "float32", "activation": "tanh"}}, {"class_name": "Dropout", "config": {"name": "dropout_26", "trainable": true, "dtype": "float32", "rate": 0.05, "noise_shape": null, "seed": null}}, {"class_name": "Dense", "config": {"name": "dense_31", "trainable": true, "dtype": "float32", "units": 50, "activation": "linear", "use_bias": true, "kernel_initializer": {"class_name": "GlorotUniform", "config": {"seed": null}}, "bias_initializer": {"class_name": "Zeros", "config": {}}, "kernel_regularizer": null, "bias_regularizer": null, "activity_regularizer": null, "kernel_constraint": null, "bias_constraint": null}}, {"class_name": "Activation", "config": {"name": "activation_31", "trainable": true, "dtype": "float32", "activation": "tanh"}}, {"class_name": "Dropout", "config": {"name": "dropout_27", "trainable": true, "dtype": "float32", "rate": 0.05, "noise_shape": null, "seed": null}}, {"class_name": "Dense", "config": {"name": "dense_32", "trainable": true, "dtype": "float32", "units": 25, "activation": "linear", "use_bias": true, "kernel_initializer": {"class_name": "GlorotUniform", "config": {"seed": null}}, "bias_initializer": {"class_name": "Zeros", "config": {}}, "kernel_regularizer": null, "bias_regularizer": null, "activity_regularizer": null, "kernel_constraint": null, "bias_constraint": null}}, {"class_name": "Activation", "config": {"name": "activation_32", "trainable": true, "dtype": "float32", "activation": "tanh"}}, {"class_name": "Dropout", "config": {"name": "dropout_28", "trainable": true, "dtype": "float32", "rate": 0.05, "noise_shape": null, "seed": null}}, {"class_name": "Dense", "config": {"name": "dense_33", "trainable": true, "dtype": "float32", "units": 10, "activation": "linear", "use_bias": true, "kernel_initializer": {"class_name": "GlorotUniform", "config": {"seed": null}}, "bias_initializer": {"class_name": "Zeros", "config": {}}, "kernel_regularizer": null, "bias_regularizer": null, "activity_regularizer": null, "kernel_constraint": null, "bias_constraint": null}}, {"class_name": "Activation", "config": {"name": "activation_33", "trainable": true, "dtype": "float32", "activation": "tanh"}}, {"class_name": "Dropout", "config": {"name": "dropout_29", "trainable": true, "dtype": "float32", "rate": 0.05, "noise_shape": null, "seed": null}}, {"class_name": "Dense", "config": {"name": "dense_34", "trainable": true, "dtype": "float32", "units": 6, "activation": "linear", "use_bias": true, "kernel_initializer": {"class_name": "GlorotUniform", "config": {"seed": null}}, "bias_initializer": {"class_name": "Zeros", "config": {}}, "kernel_regularizer": null, "bias_regularizer": null, "activity_regularizer": null, "kernel_constraint": null, "bias_constraint": null}}, {"class_name": "Activation", "config": {"name": "activation_34", "trainable": true, "dtype": "float32", "activation": "tanh"}}]}}, "training_config": {"loss": "mse", "metrics": null, "weighted_metrics": null, "loss_weights": null, "optimizer_config": {"class_name": "RMSprop", "config": {"name": "RMSprop", "learning_rate": 0.0010000000474974513, "decay": 0.0, "rho": 0.8999999761581421, "momentum": 0.0, "epsilon": 1e-06, "centered": false}}}}, "weightsManifest": [{"paths": ["group1-shard1of1.bin"], "weights": [{"name": "dense_28/kernel", "shape": [7, 7], "dtype": "float32"}, {"name": "dense_28/bias", "shape": [7], "dtype": "float32"}, {"name": "dense_29/kernel", "shape": [7, 150], "dtype": "float32"}, {"name": "dense_29/bias", "shape": [150], "dtype": "float32"}, {"name": "dense_30/kernel", "shape": [150, 75], "dtype": "float32"}, {"name": "dense_30/bias", "shape": [75], "dtype": "float32"}, {"name": "dense_31/kernel", "shape": [75, 50], "dtype": "float32"}, {"name": "dense_31/bias", "shape": [50], "dtype": "float32"}, {"name": "dense_32/kernel", "shape": [50, 25], "dtype": "float32"}, {"name": "dense_32/bias", "shape": [25], "dtype": "float32"}, {"name": "dense_33/kernel", "shape": [25, 10], "dtype": "float32"}, {"name": "dense_33/bias", "shape": [10], "dtype": "float32"}, {"name": "dense_34/kernel", "shape": [10, 6], "dtype": "float32"}, {"name": "dense_34/bias", "shape": [6], "dtype": "float32"}]}]}