{"format": "layers-model", "generatedBy": "keras v2.9.0", "convertedBy": "TensorFlow.js Converter v3.19.0", "modelTopology": {"keras_version": "2.9.0", "backend": "tensorflow", "model_config": {"class_name": "Sequential", "config": {"name": "sequential", "layers": [{"class_name": "InputLayer", "config": {"batch_input_shape": [null, 7], "dtype": "float32", "sparse": false, "ragged": false, "name": "dense_input"}}, {"class_name": "Dense", "config": {"name": "dense", "trainable": true, "batch_input_shape": [null, 7], "dtype": "float32", "units": 7, "activation": "linear", "use_bias": true, "kernel_initializer": {"class_name": "GlorotUniform", "config": {"seed": null}}, "bias_initializer": {"class_name": "Zeros", "config": {}}, "kernel_regularizer": null, "bias_regularizer": null, "activity_regularizer": null, "kernel_constraint": null, "bias_constraint": null}}, {"class_name": "Activation", "config": {"name": "activation", "trainable": true, "dtype": "float32", "activation": "tanh"}}, {"class_name": "Dropout", "config": {"name": "dropout", "trainable": true, "dtype": "float32", "rate": 0.05, "noise_shape": null, "seed": null}}, {"class_name": "Dense", "config": {"name": "dense_1", "trainable": true, "dtype": "float32", "units": 150, "activation": "linear", "use_bias": true, "kernel_initializer": {"class_name": "GlorotUniform", "config": {"seed": null}}, "bias_initializer": {"class_name": "Zeros", "config": {}}, "kernel_regularizer": null, "bias_regularizer": null, "activity_regularizer": null, "kernel_constraint": null, "bias_constraint": null}}, {"class_name": "Activation", "config": {"name": "activation_1", "trainable": true, "dtype": "float32", "activation": "tanh"}}, {"class_name": "Dropout", "config": {"name": "dropout_1", "trainable": true, "dtype": "float32", "rate": 0.05, "noise_shape": null, "seed": null}}, {"class_name": "Dense", "config": {"name": "dense_2", "trainable": true, "dtype": "float32", "units": 75, "activation": "linear", "use_bias": true, "kernel_initializer": {"class_name": "GlorotUniform", "config": {"seed": null}}, "bias_initializer": {"class_name": "Zeros", "config": {}}, "kernel_regularizer": null, "bias_regularizer": null, "activity_regularizer": null, "kernel_constraint": null, "bias_constraint": null}}, {"class_name": "Activation", "config": {"name": "activation_2", "trainable": true, "dtype": "float32", "activation": "tanh"}}, {"class_name": "Dropout", "config": {"name": "dropout_2", "trainable": true, "dtype": "float32", "rate": 0.05, "noise_shape": null, "seed": null}}, {"class_name": "Dense", "config": {"name": "dense_3", "trainable": true, "dtype": "float32", "units": 50, "activation": "linear", "use_bias": true, "kernel_initializer": {"class_name": "GlorotUniform", "config": {"seed": null}}, "bias_initializer": {"class_name": "Zeros", "config": {}}, "kernel_regularizer": null, "bias_regularizer": null, "activity_regularizer": null, "kernel_constraint": null, "bias_constraint": null}}, {"class_name": "Activation", "config": {"name": "activation_3", "trainable": true, "dtype": "float32", "activation": "tanh"}}, {"class_name": "Dropout", "config": {"name": "dropout_3", "trainable": true, "dtype": "float32", "rate": 0.05, "noise_shape": null, "seed": null}}, {"class_name": "Dense", "config": {"name": "dense_4", "trainable": true, "dtype": "float32", "units": 25, "activation": "linear", "use_bias": true, "kernel_initializer": {"class_name": "GlorotUniform", "config": {"seed": null}}, "bias_initializer": {"class_name": "Zeros", "config": {}}, "kernel_regularizer": null, "bias_regularizer": null, "activity_regularizer": null, "kernel_constraint": null, "bias_constraint": null}}, {"class_name": "Activation", "config": {"name": "activation_4", "trainable": true, "dtype": "float32", "activation": "tanh"}}, {"class_name": "Dropout", "config": {"name": "dropout_4", "trainable": true, "dtype": "float32", "rate": 0.05, "noise_shape": null, "seed": null}}, {"class_name": "Dense", "config": {"name": "dense_5", "trainable": true, "dtype": "float32", "units": 10, "activation": "linear", "use_bias": true, "kernel_initializer": {"class_name": "GlorotUniform", "config": {"seed": null}}, "bias_initializer": {"class_name": "Zeros", "config": {}}, "kernel_regularizer": null, "bias_regularizer": null, "activity_regularizer": null, "kernel_constraint": null, "bias_constraint": null}}, {"class_name": "Activation", "config": {"name": "activation_5", "trainable": true, "dtype": "float32", "activation": "tanh"}}, {"class_name": "Dropout", "config": {"name": "dropout_5", "trainable": true, "dtype": "float32", "rate": 0.05, "noise_shape": null, "seed": null}}, {"class_name": "Dense", "config": {"name": "dense_6", "trainable": true, "dtype": "float32", "units": 6, "activation": "linear", "use_bias": true, "kernel_initializer": {"class_name": "GlorotUniform", "config": {"seed": null}}, "bias_initializer": {"class_name": "Zeros", "config": {}}, "kernel_regularizer": null, "bias_regularizer": null, "activity_regularizer": null, "kernel_constraint": null, "bias_constraint": null}}, {"class_name": "Activation", "config": {"name": "activation_6", "trainable": true, "dtype": "float32", "activation": "tanh"}}]}}, "training_config": {"loss": "mse", "metrics": null, "weighted_metrics": null, "loss_weights": null, "optimizer_config": {"class_name": "RMSprop", "config": {"name": "RMSprop", "learning_rate": 0.0010000000474974513, "decay": 0.0, "rho": 0.8999999761581421, "momentum": 0.0, "epsilon": 1e-06, "centered": false}}}}, "weightsManifest": [{"paths": ["group1-shard1of1.bin"], "weights": [{"name": "dense/kernel", "shape": [7, 7], "dtype": "float32"}, {"name": "dense/bias", "shape": [7], "dtype": "float32"}, {"name": "dense_1/kernel", "shape": [7, 150], "dtype": "float32"}, {"name": "dense_1/bias", "shape": [150], "dtype": "float32"}, {"name": "dense_2/kernel", "shape": [150, 75], "dtype": "float32"}, {"name": "dense_2/bias", "shape": [75], "dtype": "float32"}, {"name": "dense_3/kernel", "shape": [75, 50], "dtype": "float32"}, {"name": "dense_3/bias", "shape": [50], "dtype": "float32"}, {"name": "dense_4/kernel", "shape": [50, 25], "dtype": "float32"}, {"name": "dense_4/bias", "shape": [25], "dtype": "float32"}, {"name": "dense_5/kernel", "shape": [25, 10], "dtype": "float32"}, {"name": "dense_5/bias", "shape": [10], "dtype": "float32"}, {"name": "dense_6/kernel", "shape": [10, 6], "dtype": "float32"}, {"name": "dense_6/bias", "shape": [6], "dtype": "float32"}]}]}